City_ID,City,Country,Date,Lat,Lng,Max Temp,Humidity,Cloudiness,Wind Speed
0,Butaritari,KI,2022-04-05 20:32:57,3.0707,172.7902,81.3,81,54,16.93
1,Tasiilaq,GL,2022-04-05 20:32:57,65.6145,-37.6368,24.96,95,45,5.88
2,Ushuaia,AR,2022-04-05 20:32:58,-54.8,-68.3,40.62,87,75,27.63
3,Atuona,PF,2022-04-05 20:32:58,-9.8,-139.0333,79.65,70,3,23.47
4,Vaini,TO,2022-04-05 20:32:58,-21.2,-175.2,80.76,78,40,0.0
5,Itoman,JP,2022-04-05 20:32:59,26.1247,127.6694,66.22,62,100,11.5
6,Ostrovnoy,RU,2022-04-05 20:32:59,68.0531,39.5131,24.87,87,100,13.85
7,Mataura,NZ,2022-04-05 20:32:59,-46.1927,168.8643,51.62,66,30,9.8
8,Sao Filipe,CV,2022-04-05 20:33:00,14.8961,-24.4956,71.29,73,6,9.62
9,Hermanus,ZA,2022-04-05 20:33:00,-34.4187,19.2345,59.81,80,1,13.91
10,Punta Arenas,CL,2022-04-05 20:32:24,-53.15,-70.9167,48.31,49,20,17.27
11,Hobart,AU,2022-04-05 20:29:05,-42.8794,147.3294,53.46,72,75,3.44
12,Saskylakh,RU,2022-04-05 20:33:01,71.9167,114.0833,-26.88,100,67,3.0
13,Vostok,RU,2022-04-05 20:29:05,46.4856,135.8833,21.27,83,100,13.56
14,Batemans Bay,AU,2022-04-05 20:30:15,-35.7167,150.1833,63.1,87,99,4.85
15,Chuy,UY,2022-04-05 20:33:02,-33.6971,-53.4616,63.79,52,0,8.34
16,Cape Town,ZA,2022-04-05 20:31:28,-33.9258,18.4232,59.88,86,40,9.22
17,Ulladulla,AU,2022-04-05 20:33:02,-35.35,150.4667,61.77,86,100,7.92
18,Rikitea,PF,2022-04-05 20:33:03,-23.1203,-134.9692,78.78,68,49,19.37
19,Busselton,AU,2022-04-05 20:33:03,-33.65,115.3333,54.91,77,9,8.16
20,Sehithwa,BW,2022-04-05 20:33:03,-20.4667,22.7167,77.92,50,92,1.63
21,Port Alfred,ZA,2022-04-05 20:33:04,-33.5906,26.891,63.61,77,5,9.24
22,Limulunga,ZM,2022-04-05 20:33:04,-15.0969,23.1376,69.6,85,76,4.74
23,Puerto Ayora,EC,2022-04-05 20:30:54,-0.7393,-90.3518,85.96,87,52,5.01
24,Port Lincoln,AU,2022-04-05 20:29:17,-34.7333,135.8667,60.1,80,10,13.82
25,Pangnirtung,CA,2022-04-05 20:33:05,66.1451,-65.7125,10.4,79,75,3.44
26,Jamestown,US,2022-04-05 20:32:25,42.097,-79.2353,63.18,28,0,9.22
27,Wenling,CN,2022-04-05 20:33:05,28.3669,121.36,56.59,79,100,3.29
28,Hithadhoo,MV,2022-04-05 20:33:06,-0.6,73.0833,82.65,66,54,4.27
29,Satka,RU,2022-04-05 20:33:06,55.0425,59.04,26.37,87,99,12.57
30,Yar-Sale,RU,2022-04-05 20:33:06,66.8333,70.8333,27.3,97,100,24.72
31,Osmena,PH,2022-04-05 20:33:07,10.5208,119.9258,82.2,78,100,16.13
32,Bima,ID,2022-04-05 20:33:07,-8.4667,118.7167,75.0,94,54,4.0
33,Pevek,RU,2022-04-05 20:33:08,69.7008,170.3133,-18.96,100,100,5.17
34,Mareeba,AU,2022-04-05 20:33:08,-17.0,145.4333,68.72,93,87,1.83
35,Monkey Bay,MW,2022-04-05 20:33:09,-14.0728,34.9201,76.26,77,72,3.65
36,Port Elizabeth,ZA,2022-04-05 20:33:09,-33.918,25.5701,64.69,74,0,19.57
37,Carnarvon,AU,2022-04-05 20:33:09,-24.8667,113.6333,71.67,78,0,9.22
38,High Level,CA,2022-04-05 20:33:10,58.5169,-117.136,41.11,48,20,9.22
39,Mahebourg,MU,2022-04-05 20:33:10,-20.4081,57.7,78.26,94,75,3.44
40,Kodiak,US,2022-04-05 20:33:10,57.79,-152.4072,38.71,56,0,9.22
41,Albany,US,2022-04-05 20:30:01,42.6001,-73.9662,59.63,44,95,5.17
42,Victoria,HK,2022-04-05 20:33:11,22.2855,114.1577,69.33,79,23,3.0
43,Pochutla,MX,2022-04-05 20:34:13,15.7432,-96.4661,88.83,40,0,12.19
44,Cabo San Lucas,MX,2022-04-05 20:30:46,22.8909,-109.9124,80.62,64,0,10.36
45,East London,ZA,2022-04-05 20:34:13,-33.0153,27.9116,66.58,76,68,7.34
46,Kurayoshi,JP,2022-04-05 20:34:14,35.4333,133.8167,50.52,56,91,5.48
47,Saint Anthony,US,2022-04-05 20:34:14,45.0205,-93.218,43.48,87,100,20.71
48,Aljezur,PT,2022-04-05 20:34:15,37.3191,-8.8033,50.43,89,100,7.83
49,Hilo,US,2022-04-05 20:31:46,19.7297,-155.09,76.24,88,75,5.75
50,Leningradskiy,RU,2022-04-05 20:34:15,69.3833,178.4167,-4.2,87,9,16.73
51,Ribeira Grande,PT,2022-04-05 20:30:44,38.5167,-28.7,63.0,77,20,8.05
52,Trujillo,PE,2022-04-05 20:34:16,-8.116,-79.03,69.76,83,75,10.36
53,Ponta Do Sol,PT,2022-04-05 20:34:16,32.6667,-17.1,60.01,64,43,7.85
54,Namibe,AO,2022-04-05 20:34:16,-15.1961,12.1522,70.21,82,8,7.81
55,Narsaq,GL,2022-04-05 20:34:17,60.9167,-46.05,41.22,82,26,2.89
56,Thompson,CA,2022-04-05 20:34:17,55.7435,-97.8558,35.76,75,75,12.66
57,Georgetown,MY,2022-04-05 20:34:17,5.4112,100.3354,78.73,93,40,3.44
58,Weligama,LK,2022-04-05 20:34:18,5.9667,80.4167,75.87,86,57,2.35
59,Lavrentiya,RU,2022-04-05 20:34:18,65.5833,-171.0,-0.83,82,14,6.04
60,Ribeirao Branco,BR,2022-04-05 20:34:19,-24.2208,-48.7656,67.57,99,49,4.14
61,Sestri Levante,IT,2022-04-05 20:34:19,44.2732,9.3968,53.64,81,0,4.0
62,Bluff,NZ,2022-04-05 20:34:19,-46.6,168.3333,54.34,69,96,33.2
63,Chokurdakh,RU,2022-04-05 20:34:20,70.6333,147.9167,-18.83,100,93,3.91
64,Dikson,RU,2022-04-05 20:34:20,73.5069,80.5464,3.87,78,97,16.37
65,Bathsheba,BB,2022-04-05 20:34:20,13.2167,-59.5167,83.01,61,20,8.05
66,Provideniya,RU,2022-04-05 20:34:21,64.3833,-173.3,6.91,67,20,6.78
67,Aklavik,CA,2022-04-05 20:34:21,68.2191,-135.0107,-2.2,55,20,9.22
68,Tautira,PF,2022-04-05 20:34:22,-17.7333,-149.15,82.09,79,42,22.88
69,Matata,NZ,2022-04-05 20:34:22,-37.8833,176.75,71.58,93,65,9.17
70,Khatanga,RU,2022-04-05 20:34:22,71.9667,102.5,-11.0,92,9,8.9
71,Constitucion,CL,2022-04-05 20:31:27,-35.3333,-72.4167,63.63,66,8,13.11
72,Farah,AF,2022-04-05 20:34:23,32.5,62.5,75.38,8,10,4.97
73,Severnoye,RU,2022-04-05 20:34:23,56.3491,78.3619,34.34,97,32,6.51
74,Kapaa,US,2022-04-05 20:34:23,22.0752,-159.319,78.78,93,100,16.11
75,Cap Malheureux,MU,2022-04-05 20:34:24,-19.9842,57.6142,78.48,88,99,5.01
76,Andenes,NO,2022-04-05 20:34:24,69.3143,16.1194,31.98,69,0,34.52
77,Mar Del Plata,AR,2022-04-05 20:34:24,-38.0023,-57.5575,75.22,31,0,16.11
78,Lata,PT,2022-04-05 20:34:25,40.1629,-8.3327,53.82,71,94,3.53
79,Aguia Branca,BR,2022-04-05 20:34:25,-18.9831,-40.7403,78.1,57,34,0.98
80,Aloleng,PH,2022-04-05 20:34:26,16.1307,119.7824,80.33,75,98,4.56
81,Prabumulih,ID,2022-04-05 20:34:26,-3.45,104.25,72.34,99,97,2.51
82,Coihaique,CL,2022-04-05 20:34:26,-45.5752,-72.0662,61.41,77,100,3.44
83,Bethel,US,2022-04-05 20:34:27,41.3712,-73.414,60.19,47,75,9.22
84,New Norfolk,AU,2022-04-05 20:34:27,-42.7826,147.0587,53.1,67,56,1.23
85,Bambous Virieux,MU,2022-04-05 20:34:27,-20.3428,57.7575,78.22,94,75,3.44
86,Salalah,OM,2022-04-05 20:29:51,17.0151,54.0924,78.89,83,40,2.3
87,Ouesso,CG,2022-04-05 20:35:28,1.6136,16.0517,66.97,97,100,1.3
88,North Bend,US,2022-04-05 20:35:28,43.4065,-124.2243,56.25,78,100,11.5
89,Acapulco,MX,2022-04-05 20:35:28,16.8634,-99.8901,80.42,74,0,16.11
90,Sept-Iles,CA,2022-04-05 20:32:30,50.2001,-66.3821,39.72,33,40,11.5
91,Brownwood,US,2022-04-05 20:35:29,31.7093,-98.9912,95.0,13,0,21.85
92,Kedrovoye,RU,2022-04-05 20:35:29,57.1576,60.5698,29.64,85,100,12.28
93,Samarai,PG,2022-04-05 20:35:30,-10.6167,150.6667,80.33,80,96,13.76
94,Bubaque,GW,2022-04-05 20:35:30,11.2833,-15.8333,75.58,76,0,23.73
95,Basco,PH,2022-04-05 20:35:30,20.4487,121.9702,74.53,74,100,21.05
96,Ust-Kuyga,RU,2022-04-05 20:35:31,70.0167,135.6,-24.12,100,99,0.22
97,Mehamn,NO,2022-04-05 20:35:31,71.0357,27.8492,30.15,64,75,16.11
98,Bilma,NE,2022-04-05 20:33:03,18.6853,12.9164,88.48,6,4,6.85
99,Avarua,CK,2022-04-05 20:35:31,-21.2078,-159.775,84.25,74,20,8.05
100,Mozelos,PT,2022-04-05 20:35:32,41.8677,-8.3978,56.82,61,80,4.07
101,Adoni,IN,2022-04-05 20:35:32,15.6333,77.2833,83.03,37,72,12.06
102,Norman Wells,CA,2022-04-05 20:35:33,65.282,-126.8329,3.24,51,0,3.44
103,Riohacha,CO,2022-04-05 20:35:33,11.5444,-72.9072,84.31,74,75,10.36
104,Zholymbet,KZ,2022-04-05 20:35:33,51.7433,71.7122,33.53,97,45,12.48
105,Naze,JP,2022-04-05 20:35:34,28.3667,129.4833,50.92,65,55,1.83
106,Bereznik,RU,2022-04-05 20:35:34,62.8551,42.7072,28.6,93,100,9.48
107,Barrow,US,2022-04-05 20:35:34,71.2906,-156.7887,-16.58,76,100,4.61
108,Chicama,PE,2022-04-05 20:35:35,-7.8447,-79.1469,68.54,62,15,10.67
109,Youghal,IE,2022-04-05 20:35:35,51.95,-7.8506,51.1,100,100,20.13
110,Bredasdorp,ZA,2022-04-05 20:35:35,-34.5322,20.0403,59.99,71,0,13.67
111,Awjilah,LY,2022-04-05 20:35:36,29.1081,21.2869,88.16,8,85,7.07
112,Fortuna,US,2022-04-05 20:35:36,40.5982,-124.1573,56.93,64,0,13.8
113,Burnie,AU,2022-04-05 20:32:27,-41.0667,145.9167,53.15,78,100,11.83
114,Fort Walton Beach,US,2022-04-05 20:30:39,30.4058,-86.6188,66.22,94,100,13.8
115,Arraial Do Cabo,BR,2022-04-05 20:35:37,-22.9661,-42.0278,76.96,88,75,13.8
116,Tiksi,RU,2022-04-05 20:35:37,71.6872,128.8694,-17.75,100,100,2.19
117,Ekhabi,RU,2022-04-05 20:35:38,53.5102,142.9671,31.41,93,100,16.11
118,Hambantota,LK,2022-04-05 20:35:38,6.1241,81.1185,77.22,84,41,4.43
119,Mugur-Aksy,RU,2022-04-05 20:35:38,50.35,90.5,29.17,52,50,6.26
120,Hami,CN,2022-04-05 20:35:39,42.8,93.45,60.17,18,0,9.1
121,Caravelas,BR,2022-04-05 20:35:39,-17.7125,-39.2481,78.24,79,3,5.01
122,Rocha,UY,2022-04-05 20:35:39,-34.4833,-54.3333,65.93,43,0,5.59
123,Atar,MR,2022-04-05 20:35:40,20.5169,-13.0499,79.84,22,4,6.33
124,Mogadishu,SO,2022-04-05 20:35:40,2.0371,45.3438,80.91,76,42,15.19
125,Lahij,YE,2022-04-05 20:35:41,13.1667,44.5833,78.64,34,0,5.32
126,Katangli,RU,2022-04-05 20:35:41,51.7102,143.2326,32.11,84,100,19.33
127,Launceston,AU,2022-04-05 20:31:55,-41.45,147.1667,53.35,67,100,13.8
128,San Cristobal,VE,2022-04-05 20:35:41,7.7669,-72.225,80.78,49,75,4.27
129,Menongue,AO,2022-04-05 20:35:42,-14.6585,17.691,67.39,73,86,1.66
130,Fuerte Olimpo,PY,2022-04-05 20:35:42,-21.0415,-57.8738,90.97,39,99,2.15
131,Sena Madureira,BR,2022-04-05 20:35:43,-9.0656,-68.6569,84.88,68,100,2.01
132,Challapata,BO,2022-04-05 20:36:43,-18.9,-66.7667,56.95,47,75,7.94
133,Cockburn Town,TC,2022-04-05 20:36:43,21.4612,-71.1419,78.73,72,0,15.19
134,Whitehaven,GB,2022-04-05 20:36:44,54.549,-3.5841,47.66,97,100,10.0
135,San Quintin,MX,2022-04-05 20:36:44,30.4833,-115.95,66.83,68,1,8.61
136,Mulchen,CL,2022-04-05 20:36:44,-37.7167,-72.2333,78.66,36,40,5.86
137,Hohhot,CN,2022-04-05 20:36:45,40.8106,111.6522,41.29,38,0,6.71
138,Bloomfield,US,2022-04-05 20:33:34,40.8068,-74.1854,59.41,43,0,12.66
139,Manggar,ID,2022-04-05 20:36:45,-2.8833,108.2667,77.11,84,40,5.01
140,Erenhot,CN,2022-04-05 20:36:46,43.6475,111.9767,36.68,26,9,5.73
141,Asau,RO,2022-04-05 20:36:46,46.4333,26.4,45.52,73,99,5.23
142,Taltal,CL,2022-04-05 20:36:46,-25.4,-70.4833,71.08,57,46,5.61
143,Amsterdam,NL,2022-04-05 20:34:31,52.374,4.8897,51.89,82,75,14.97
144,Thinadhoo,MV,2022-04-05 20:36:47,0.5333,72.9333,82.22,73,13,4.25
145,Hay River,CA,2022-04-05 20:36:47,60.8156,-115.7999,28.38,69,20,8.05
146,Saldanha,ZA,2022-04-05 20:36:48,-33.0117,17.9442,60.85,77,0,8.37
147,Sturgeon Bay,US,2022-04-05 20:32:30,44.8342,-87.377,39.6,93,100,8.05
148,Tuktoyaktuk,CA,2022-04-05 20:36:48,69.4541,-133.0374,-9.4,70,40,9.22
149,Saint-Philippe,RE,2022-04-05 20:36:48,-21.3585,55.7679,78.39,87,58,10.2
150,Te Anau,NZ,2022-04-05 20:36:49,-45.4167,167.7167,50.11,76,35,5.41
151,Kruisfontein,ZA,2022-04-05 20:36:49,-34.0033,24.7314,61.88,72,6,16.28
152,Farafangana,MG,2022-04-05 20:36:49,-22.8167,47.8333,75.58,91,19,4.92
153,Esperance,AU,2022-04-05 20:36:50,-33.8667,121.9,60.64,74,90,6.82
154,Saint-Paul,RE,2022-04-05 20:36:50,-21.0096,55.2707,78.91,86,61,0.81
155,Chapais,CA,2022-04-05 20:32:46,49.7834,-74.8492,37.18,57,60,3.36
156,Djambala,CG,2022-04-05 20:36:51,-2.5447,14.7533,68.94,85,100,2.17
157,Thunder Bay,CA,2022-04-05 20:34:33,48.4001,-89.3168,36.28,80,100,23.02
158,Okhotsk,RU,2022-04-05 20:36:51,59.3833,143.3,15.01,80,100,11.99
159,Laguna,US,2022-04-05 20:36:51,38.421,-121.4238,72.18,23,0,17.27
160,Clarence Town,AU,2022-04-05 20:36:52,-32.5833,151.7833,65.86,91,0,0.81
161,Talnakh,RU,2022-04-05 20:33:13,69.4865,88.3972,8.53,77,60,8.52
162,Singarayakonda,IN,2022-04-05 20:36:52,15.25,80.0333,76.8,90,71,8.52
163,Alugan,PH,2022-04-05 20:36:53,12.2188,125.4808,79.77,85,100,14.16
164,Komsomolskiy,UZ,2022-04-05 20:36:53,40.4272,71.7189,61.52,41,0,9.22
165,Port Macquarie,AU,2022-04-05 20:36:53,-31.4333,152.9167,64.89,100,75,0.0
166,Yellowknife,CA,2022-04-05 20:36:54,62.456,-114.3525,34.41,73,75,10.36
167,Husavik,IS,2022-04-05 20:36:54,66.0449,-17.3389,27.57,93,100,30.06
168,Tevaitoa,PF,2022-04-05 20:36:54,-16.7833,-151.5,83.14,75,32,21.43
169,Lebu,CL,2022-04-05 20:36:55,-37.6167,-73.65,58.48,85,69,12.01
170,Lakota,CI,2022-04-05 20:36:55,5.8528,-5.6883,78.04,87,48,5.53
171,Cabedelo,BR,2022-04-05 20:36:56,-6.9811,-34.8339,81.27,78,100,11.43
172,Mabaruma,GY,2022-04-05 20:36:56,8.2,-59.7833,80.89,69,35,6.76
173,Oyama,JP,2022-04-05 20:36:56,36.3,139.8,56.59,83,100,0.72
174,Kavieng,PG,2022-04-05 20:36:57,-2.5744,150.7967,79.63,84,100,16.15
175,Lianzhou,CN,2022-04-05 20:36:57,24.7811,112.3825,61.43,83,25,2.77
176,Xining,CN,2022-04-05 20:37:58,36.6167,101.7667,43.29,40,61,2.77
177,Padang,ID,2022-04-05 20:37:58,-0.9492,100.3543,76.23,88,98,3.62
178,Nanortalik,GL,2022-04-05 20:37:58,60.1432,-45.2371,33.71,82,68,1.07
179,Villamontes,BO,2022-04-05 20:37:59,-21.25,-63.5,82.06,62,100,2.26
180,Graham,US,2022-04-05 20:37:59,47.0529,-122.2943,53.37,65,0,12.66
181,Kungurtug,RU,2022-04-05 20:37:59,50.5994,97.5228,26.04,94,96,1.81
182,Sao Joao Da Barra,BR,2022-04-05 20:38:00,-21.6403,-41.0511,82.49,82,84,6.35
183,Touros,BR,2022-04-05 20:38:00,-5.1989,-35.4608,80.26,77,7,12.57
184,Karratha,AU,2022-04-05 20:38:01,-20.7377,116.8463,81.79,66,1,7.9
185,Kenai,US,2022-04-05 20:35:21,60.5544,-151.2583,42.03,74,0,17.27
186,Bengkulu,ID,2022-04-05 20:38:01,-3.8004,102.2655,75.69,87,100,4.14
187,Severo-Kurilsk,RU,2022-04-05 20:38:01,50.6789,156.125,36.27,73,5,3.8
188,Sao Lourenco Do Oeste,BR,2022-04-05 20:38:02,-26.3592,-52.8511,69.15,89,27,3.33
189,Bulalacao,PH,2022-04-05 20:38:02,12.3254,121.3435,78.85,81,88,17.9
190,Palmer,US,2022-04-05 20:34:25,42.1584,-72.3287,61.18,34,40,5.75
191,Cherskiy,RU,2022-04-05 20:38:03,68.75,161.3,-10.86,97,42,2.37
192,Airai,TL,2022-04-05 20:38:03,-8.9266,125.4092,58.19,89,52,1.88
193,Roald,NO,2022-04-05 20:38:04,62.5833,6.1333,34.9,86,75,11.5
194,Vila Franca Do Campo,PT,2022-04-05 20:38:04,37.7167,-25.4333,59.41,70,18,3.58
195,Ishigaki,JP,2022-04-05 20:38:04,24.3448,124.1572,66.33,72,20,8.05
196,Svetlogorsk,BY,2022-04-05 20:38:05,52.6333,29.7333,35.22,90,100,10.98
197,Bilibino,RU,2022-04-05 20:38:05,68.0546,166.4372,-5.87,84,22,1.36
198,Belaya Gora,RU,2022-04-05 20:38:05,68.5333,146.4167,-21.01,100,59,2.33
199,Guerrero Negro,MX,2022-04-05 20:38:06,27.9769,-114.0611,73.94,49,2,12.95
200,Guayaramerin,BO,2022-04-05 20:38:07,-10.8368,-65.3614,81.19,84,78,2.51
201,Tomatlan,MX,2022-04-05 20:38:07,19.9333,-105.25,85.12,41,7,10.36
202,Hamilton,US,2022-04-05 20:37:33,39.1834,-84.5333,55.89,95,100,1.01
203,Saint-Augustin,CA,2022-04-05 20:34:29,51.226,-58.6502,34.81,90,100,12.59
204,Klaksvik,FO,2022-04-05 20:38:09,62.2266,-6.589,32.92,58,100,20.87
205,Sumbawanga,TZ,2022-04-05 20:38:09,-7.9667,31.6167,57.97,87,86,1.5
206,Plettenberg Bay,ZA,2022-04-05 20:38:09,-34.0527,23.3716,60.28,84,50,8.68
207,Puerto Suarez,BO,2022-04-05 20:38:10,-18.95,-57.8,97.16,56,40,9.22
208,Tabou,CI,2022-04-05 20:38:10,4.423,-7.3528,81.37,86,44,6.76
209,Tromso,NO,2022-04-05 20:38:10,69.6496,18.957,28.42,86,75,21.85
210,Chipata,ZM,2022-04-05 20:38:11,-13.6333,32.65,65.23,95,100,2.42
211,Aksarka,RU,2022-04-05 20:38:11,66.5606,67.7975,17.31,94,100,25.66
212,Carlsbad,US,2022-04-05 20:35:53,33.1581,-117.3506,84.27,72,0,9.22
213,Castro,BR,2022-04-05 20:38:12,-24.7911,-50.0119,69.93,85,39,2.57
214,Taunggyi,MM,2022-04-05 20:38:12,20.7833,97.0333,66.61,60,59,1.25
215,Araioses,BR,2022-04-05 20:38:12,-2.89,-41.9031,84.18,84,75,9.22
216,Ust-Nera,RU,2022-04-05 20:38:13,64.5667,143.2,-11.87,100,93,5.08
217,Kijang,KR,2022-04-05 20:38:13,35.2442,129.2139,51.53,43,93,3.62
218,Hailey,US,2022-04-05 20:38:13,43.5196,-114.3153,37.26,30,40,25.99
219,Jumla,NP,2022-04-05 20:38:14,29.2747,82.1838,47.53,31,78,5.28
220,Mitu,CO,2022-04-05 20:38:14,1.1983,-70.1733,73.51,97,100,2.1
221,Kikwit,CD,2022-04-05 20:38:14,-5.041,18.8162,71.96,96,100,1.01
222,Nicoya,CR,2022-04-05 20:38:15,10.1483,-85.452,87.13,59,95,6.55
223,Birao,CF,2022-04-05 20:39:15,10.2849,22.7882,86.54,23,7,3.96
224,Sitka,US,2022-04-05 20:39:16,57.0531,-135.33,39.09,81,75,0.0
225,Oksfjord,NO,2022-04-05 20:39:16,70.2396,22.3479,30.38,89,100,19.86
226,Turiacu,BR,2022-04-05 20:39:16,-1.6633,-45.3717,74.43,97,97,3.94
227,Camaqua,BR,2022-04-05 20:38:12,-30.8511,-51.8122,65.32,77,39,4.72
228,Karangampel,ID,2022-04-05 20:39:17,-6.4622,108.4519,77.25,85,81,5.53
229,Bria,CF,2022-04-05 20:39:17,6.5423,21.9863,76.46,72,98,5.79
230,Codrington,AU,2022-04-05 20:39:18,-38.2667,141.9667,58.91,77,100,10.89
231,Dingle,PH,2022-04-05 20:39:18,10.9995,122.6711,74.82,91,100,7.65
232,Sisimiut,GL,2022-04-05 20:39:18,66.9395,-53.6735,27.0,93,92,3.62
233,Inirida,CO,2022-04-05 20:39:19,3.8653,-67.9239,79.05,92,100,3.53
234,Hermiston,US,2022-04-05 20:35:48,45.8404,-119.2895,58.82,38,0,27.63
235,Goderich,CA,2022-04-05 20:39:19,43.7501,-81.7165,43.92,81,77,8.05
236,Cairns,AU,2022-04-05 20:39:20,-16.9167,145.7667,73.35,88,97,0.0
237,Mirpur Sakro,PK,2022-04-05 20:39:20,24.5474,67.6277,79.77,61,31,11.99
238,La Asuncion,VE,2022-04-05 20:39:21,11.0333,-63.8628,94.73,43,83,24.16
239,Santa Vitoria Do Palmar,BR,2022-04-05 20:36:09,-33.5189,-53.3681,63.72,53,0,7.87
240,Vila Velha,BR,2022-04-05 20:39:21,-20.3297,-40.2925,85.95,80,0,12.66
241,Novopokrovka,UA,2022-04-05 20:39:22,49.8425,36.5477,43.32,64,100,16.08
242,Noumea,NC,2022-04-05 20:39:22,-22.2763,166.4572,73.38,85,100,11.99
243,Arman,RU,2022-04-05 20:39:22,59.7,150.1667,10.18,81,100,11.54
244,Port Hedland,AU,2022-04-05 20:39:23,-20.3167,118.5667,78.85,73,73,3.44
245,Playas,EC,2022-04-05 20:39:23,-2.6333,-80.3833,78.3,80,34,10.89
246,Harper,LR,2022-04-05 20:39:24,4.375,-7.7169,81.43,86,49,7.0
247,Cidreira,BR,2022-04-05 20:39:24,-30.1811,-50.2056,68.5,73,21,7.9
248,Nikolskoye,RU,2022-04-05 20:39:24,59.7035,30.7861,30.09,88,85,11.56
249,Bonfim,BR,2022-04-05 20:39:25,3.0833,-59.95,89.46,49,96,7.56
250,Olafsvik,IS,2022-04-05 20:39:25,64.8945,-23.7142,28.0,69,91,32.41
251,Longyearbyen,SJ,2022-04-05 20:39:25,78.2186,15.6401,10.24,61,0,13.8
252,Adrar,MR,2022-04-05 20:39:26,20.5022,-10.0711,80.44,21,6,8.14
253,Kaminokawa,JP,2022-04-05 20:39:26,36.4333,139.9167,51.76,85,100,1.16
254,Rawson,AR,2022-04-05 20:39:26,-43.3002,-65.1023,74.77,35,54,22.17
255,Rio Grande,BR,2022-04-05 20:36:48,-32.035,-52.0986,75.31,59,0,9.01
256,Amapa,BR,2022-04-05 20:39:27,1.0,-52.0,73.09,99,100,5.28
257,Olinda,BR,2022-04-05 20:39:27,-8.0089,-34.8553,83.93,70,40,8.05
258,Kavaratti,IN,2022-04-05 20:39:27,10.5669,72.642,83.16,75,18,7.7
259,Moose Factory,CA,2022-04-05 20:39:28,51.2585,-80.6094,35.6,64,0,13.8
260,Staraya Poltavka,RU,2022-04-05 20:39:28,50.4772,46.4814,37.44,70,38,8.77
261,Kaitangata,NZ,2022-04-05 20:39:28,-46.2817,169.8464,53.31,61,48,16.69
262,Mount Isa,AU,2022-04-05 20:39:29,-20.7333,139.5,53.37,35,3,0.0
263,Lyangasovo,RU,2022-04-05 20:39:29,58.5176,49.4472,28.06,94,86,8.41
264,Raymond,US,2022-04-05 20:35:54,43.9015,-70.4703,59.58,28,100,5.64
265,Miles City,US,2022-04-05 20:39:30,46.4083,-105.8406,45.57,36,100,37.98
266,Qaanaaq,GL,2022-04-05 20:39:30,77.484,-69.3632,13.24,82,63,1.3
267,Zhangjiakou,CN,2022-04-05 20:39:30,40.81,114.8794,45.63,45,100,8.59
268,Araouane,ML,2022-04-05 20:39:31,18.9048,-3.5265,90.46,9,0,11.52
269,Xai-Xai,MZ,2022-04-05 20:39:31,-25.0519,33.6442,77.54,74,13,11.61
270,Faanui,PF,2022-04-05 20:40:32,-16.4833,-151.75,83.14,76,6,19.8
271,Tupik,RU,2022-04-05 20:40:32,54.4253,119.9327,-2.74,91,8,3.67
272,Flinders,AU,2022-04-05 20:35:45,-34.5833,150.8552,65.17,91,100,5.01
273,Mitsamiouli,KM,2022-04-05 20:40:32,-11.3847,43.2844,81.68,76,1,6.13
274,Prijedor,BA,2022-04-05 20:40:33,44.9814,16.7131,46.08,85,0,1.52
275,Namatanai,PG,2022-04-05 20:40:33,-3.6667,152.4333,77.59,90,100,5.46
276,Serpa,PT,2022-04-05 20:40:33,37.9458,-7.5975,51.76,88,100,9.37
277,Urumqi,CN,2022-04-05 20:40:34,43.801,87.6005,58.15,29,0,6.71
278,Verkhnyaya Inta,RU,2022-04-05 20:40:34,65.9811,60.3094,9.14,96,100,8.61
279,Beyneu,KZ,2022-04-05 20:40:34,45.3167,55.2,53.65,43,96,14.88
280,Cariamanga,EC,2022-04-05 20:40:35,-4.3333,-79.55,62.94,82,74,4.56
281,Hovd,MN,2022-04-05 20:40:35,48.0056,91.6419,42.22,33,6,2.42
282,Kita,ML,2022-04-05 20:40:35,13.0349,-9.4895,92.98,15,8,4.85
283,Kalabo,ZM,2022-04-05 20:40:36,-14.97,22.6814,71.76,74,96,4.9
284,Alamos,MX,2022-04-05 20:40:36,27.0167,-108.9333,86.95,19,0,6.96
285,Pangody,RU,2022-04-05 20:40:36,65.85,74.4859,32.23,99,100,13.62
286,Upernavik,GL,2022-04-05 20:40:37,72.7868,-56.1549,26.38,97,100,7.43
287,Muros,ES,2022-04-05 20:40:37,42.7762,-9.0603,53.1,65,0,12.84
288,Port Hardy,CA,2022-04-05 20:40:37,50.6996,-127.4199,46.4,81,75,9.22
289,Ancud,CL,2022-04-05 20:40:38,-41.8697,-73.8203,57.22,92,100,13.04
290,Lorengau,PG,2022-04-05 20:40:38,-2.0226,147.2712,80.96,84,100,15.32
291,Verkhnevilyuysk,RU,2022-04-05 20:40:38,63.4453,120.3167,-14.64,100,100,2.91
292,Dedougou,BF,2022-04-05 20:40:39,12.4667,-3.4667,92.71,29,94,3.27
293,Chimbote,PE,2022-04-05 20:40:39,-9.0853,-78.5783,73.72,72,55,9.71
294,Ambilobe,MG,2022-04-05 20:40:40,-13.2,49.05,74.23,96,99,1.88
295,Aykhal,RU,2022-04-05 20:40:40,66.0,111.5,-7.17,100,100,4.41
296,Omboue,GA,2022-04-05 20:40:40,-1.5746,9.2618,78.49,88,62,6.8
297,Teya,RU,2022-04-05 20:40:41,60.3778,92.6267,34.38,99,100,5.21
298,Torbay,CA,2022-04-05 20:40:41,47.6666,-52.7314,42.76,85,75,20.71
299,Opuwo,NA,2022-04-05 20:40:42,-18.0607,13.84,68.43,38,0,2.55
300,Vardo,NO,2022-04-05 20:40:42,70.3705,31.1107,33.78,80,75,27.63
301,Yeppoon,AU,2022-04-05 20:40:42,-23.1333,150.7333,69.58,77,8,11.72
302,Iraray,PH,2022-04-05 20:40:43,8.9936,118.0511,76.42,91,100,4.59
303,Grand Gaube,MU,2022-04-05 20:40:43,-20.0064,57.6608,78.39,87,99,8.99
304,Neyshabur,IR,2022-04-05 20:40:43,36.2133,58.7958,70.32,24,98,6.46
305,Ixtapa,MX,2022-04-05 20:40:44,20.7,-105.2,78.03,65,0,14.97
306,Jeremie,HT,2022-04-05 20:40:44,18.65,-74.1167,81.09,73,53,2.48
307,Lompoc,US,2022-04-05 20:40:44,34.6391,-120.4579,88.02,51,0,24.16
308,Mahibadhoo,MV,2022-04-05 20:40:45,3.7833,72.9667,83.26,67,100,4.45
309,Kahului,US,2022-04-05 20:40:45,20.8947,-156.47,82.42,64,20,14.97
310,Faya,SA,2022-04-05 20:40:45,18.3851,42.4509,68.52,13,0,7.83
311,Kirakira,SB,2022-04-05 20:40:46,-10.4544,161.9205,80.82,86,88,13.44
312,Tanout,NE,2022-04-05 20:40:46,14.9709,8.8879,87.28,7,14,8.48
313,Bambanglipuro,ID,2022-04-05 20:40:47,-7.95,110.2833,75.07,91,100,2.68
314,Maymyo,MM,2022-04-05 20:40:47,22.0333,96.4667,69.91,59,53,1.23
315,Abha,SA,2022-04-05 20:40:47,18.2164,42.5053,68.25,6,0,9.22
316,Boyolangu,ID,2022-04-05 20:41:48,-8.1181,111.8935,74.84,91,100,1.45
317,Dunedin,NZ,2022-04-05 20:41:48,-45.8742,170.5036,54.81,72,84,17.0
318,Skeldon,GY,2022-04-05 20:41:48,5.8833,-57.1333,79.72,72,31,7.4
319,Colquiri,BO,2022-04-05 20:41:49,-17.4167,-67.1333,47.28,55,79,11.41
320,Yulara,AU,2022-04-05 20:41:49,-25.2406,130.9889,69.64,64,40,10.36
321,Poum,NC,2022-04-05 20:41:49,-20.2333,164.0167,77.77,94,100,43.49
322,Quelimane,MZ,2022-04-05 20:41:50,-17.8786,36.8883,82.35,89,40,10.36
323,Westport,US,2022-04-05 20:41:50,41.1415,-73.3579,57.45,54,100,6.91
324,Uray,RU,2022-04-05 20:41:50,60.1247,64.7758,27.48,93,95,13.0
325,Zhuhai,CN,2022-04-05 20:41:51,22.2769,113.5678,68.86,88,0,1.14
326,Iqaluit,CA,2022-04-05 20:41:51,63.7506,-68.5145,8.33,78,75,27.63
327,Kasane,BW,2022-04-05 20:41:52,-17.8167,25.15,68.83,80,49,2.62
328,Nema,RU,2022-04-05 20:41:52,57.5067,50.5011,23.05,97,61,7.07
329,Ormstown,CA,2022-04-05 20:41:52,45.1334,-73.9992,55.09,43,26,4.56
330,Arlit,NE,2022-04-05 20:41:53,18.7369,7.3853,89.17,6,55,10.27
331,Harare,ZW,2022-04-05 20:41:53,-17.8294,31.0539,63.82,87,88,2.39
332,Deer Lake,CA,2022-04-05 20:41:53,49.1667,-57.4316,31.86,80,75,6.91
333,Bela,IN,2022-04-05 20:41:54,25.9333,81.9833,79.36,8,0,5.61
334,Alofi,NU,2022-04-05 20:41:54,-19.0595,-169.9187,75.09,88,100,4.61
335,Council Bluffs,US,2022-04-05 20:37:18,41.2619,-95.8608,58.98,79,100,16.11
336,Mormugao,IN,2022-04-05 20:41:55,15.4,73.8,79.68,83,65,8.61
337,Alcudia,ES,2022-04-05 20:41:55,39.8532,3.1214,53.2,68,100,7.87
338,Diamantino,BR,2022-04-05 20:41:00,-14.4086,-56.4461,79.74,72,82,2.26
339,Urucui,BR,2022-04-05 20:41:56,-7.2294,-44.5561,80.38,77,100,6.67
340,Lugovskoy,RU,2022-04-05 20:41:56,56.9585,64.529,30.76,80,82,13.62
341,Ostersund,SE,2022-04-05 20:41:56,63.1792,14.6357,19.62,79,0,13.8
342,Hasaki,JP,2022-04-05 20:39:15,35.7333,140.8333,48.29,78,100,7.2
343,Sechura,PE,2022-04-05 20:41:57,-5.5569,-80.8222,83.17,56,23,15.7
344,Kununurra,AU,2022-04-05 20:41:57,-15.7667,128.7333,75.18,88,75,4.61
345,Choya,RU,2022-04-05 20:41:57,52.0108,86.5467,38.19,92,84,4.54
346,Udachnyy,RU,2022-04-05 20:41:58,66.4167,112.4,-16.96,100,100,3.78
347,Udayagiri,IN,2022-04-05 20:40:01,20.1333,84.3833,70.74,80,10,3.71
348,San Agustin,MX,2022-04-05 20:41:58,20.5333,-103.4667,84.51,10,0,16.11
349,Galesong,ID,2022-04-05 20:41:59,-5.3166,119.3661,73.42,82,20,3.04
350,Tuatapere,NZ,2022-04-05 20:41:59,-46.1333,167.6833,51.28,80,71,14.61
351,Sadon,RU,2022-04-05 20:41:59,42.8518,44.0037,38.7,95,93,6.87
352,Shenjiamen,CN,2022-04-05 20:42:00,29.9576,122.298,55.83,87,80,6.04
353,Gat,IL,2022-04-05 20:42:00,31.61,34.7642,78.4,20,100,5.46
354,Itarema,BR,2022-04-05 20:42:00,-2.9248,-39.9167,78.84,84,5,10.45
355,Banda Aceh,ID,2022-04-05 20:42:01,5.5577,95.3222,75.74,89,100,1.81
356,Alexander City,US,2022-04-05 20:38:49,32.944,-85.9539,67.46,94,75,8.05
357,Dicabisagan,PH,2022-04-05 20:42:01,17.0818,122.4157,75.99,90,88,7.49
358,La Romana,DO,2022-04-05 20:42:02,18.4273,-68.9728,84.56,54,40,11.5
359,Port Keats,AU,2022-04-05 20:42:02,-14.25,129.55,79.5,81,44,1.45
360,Lowicz,PL,2022-04-05 20:42:03,52.1071,19.9453,44.53,80,99,9.53
361,Broken Hill,AU,2022-04-05 20:42:03,-31.95,141.4333,64.11,48,100,16.11
362,Huarmey,PE,2022-04-05 20:42:04,-10.0681,-78.1522,74.28,73,66,10.4
363,Tateyama,JP,2022-04-05 20:38:30,34.9833,139.8667,57.79,80,100,7.02
364,Hauterive,FR,2022-04-05 20:43:04,46.0901,3.4459,52.56,95,99,0.6
365,Sioux Lookout,CA,2022-04-05 20:43:05,50.1001,-91.917,35.67,75,100,10.36
366,Mocuba,MZ,2022-04-05 20:43:05,-16.8392,36.9856,73.26,97,5,2.68
367,Maryville,US,2022-04-05 20:43:06,35.7565,-83.9705,68.16,70,100,9.22
368,Krasnovishersk,RU,2022-04-05 20:43:06,60.4078,57.082,3.4,100,84,1.03
369,Mayo,US,2022-04-05 20:43:06,38.8876,-76.5119,59.18,90,40,5.75
370,Nouadhibou,MR,2022-04-05 20:43:07,20.931,-17.0347,67.98,60,0,19.57
371,Stratford-Upon-Avon,GB,2022-04-05 20:43:07,52.1917,-1.7073,52.41,74,99,15.41
372,Matagami,CA,2022-04-05 20:43:08,49.7502,-77.6328,44.71,31,0,5.75
373,Ontario,US,2022-04-05 20:43:08,34.0633,-117.6509,87.55,44,0,9.22
374,La Ronge,CA,2022-04-05 20:43:08,55.1001,-105.2842,46.65,39,40,14.97
375,Coquimbo,CL,2022-04-05 20:43:09,-29.9533,-71.3436,58.73,88,75,13.8
376,Riyadh,SA,2022-04-05 20:43:09,24.6877,46.7219,80.74,10,0,9.08
377,Bintulu,MY,2022-04-05 20:43:09,3.1667,113.0333,75.61,100,40,5.99
378,Hobyo,SO,2022-04-05 20:43:10,5.3505,48.5268,81.37,71,78,14.27
379,Rock Springs,US,2022-04-05 20:42:22,41.5875,-109.2029,36.84,31,75,41.43
380,Umm Lajj,SA,2022-04-05 20:43:10,25.0213,37.2685,82.87,35,5,6.85
381,Dudinka,RU,2022-04-05 20:43:11,69.4058,86.1778,19.4,78,96,15.84
382,Gornoye Loo,RU,2022-04-05 20:43:11,43.7129,39.6049,46.18,94,100,4.27
383,Binzhou,CN,2022-04-05 20:39:09,37.3667,118.0167,48.45,52,0,18.45
384,Elmadag,TR,2022-04-05 20:43:12,39.9208,33.2308,53.35,56,37,3.51
385,Humberto De Campos,BR,2022-04-05 20:43:12,-2.5983,-43.4611,75.92,94,98,4.43
386,Sangod,IN,2022-04-05 20:43:13,24.9167,76.2833,86.43,11,6,3.18
387,Najran,SA,2022-04-05 20:43:13,17.4924,44.1277,72.25,11,0,2.59
388,Acajutla,SV,2022-04-05 20:43:14,13.5928,-89.8275,86.79,59,99,8.77
389,Santa Cruz Cabralia,BR,2022-04-05 20:43:14,-16.2781,-39.0247,82.63,74,20,6.91
390,Cartagena,CO,2022-04-05 20:39:08,10.3997,-75.5144,87.42,66,40,14.97
391,Pacific Grove,US,2022-04-05 20:43:14,36.6177,-121.9166,72.39,70,0,11.99
392,Ittiri,IT,2022-04-05 20:43:15,40.5929,8.5684,47.3,83,33,4.88
393,Ilulissat,GL,2022-04-05 20:43:15,69.2167,-51.1,28.42,86,75,4.61
394,Raudeberg,NO,2022-04-05 20:43:16,61.9875,5.1352,30.96,52,97,10.11
395,Half Moon Bay,US,2022-04-05 20:43:16,37.4636,-122.4286,73.42,51,20,10.36
396,Sambava,MG,2022-04-05 20:43:16,-14.2667,50.1667,76.42,94,100,7.14
397,Clyde River,CA,2022-04-05 20:43:17,70.4692,-68.5914,7.03,78,20,3.44
398,Izberbash,RU,2022-04-05 20:39:21,42.5696,47.8645,50.09,76,100,10.07
399,Tarko-Sale,RU,2022-04-05 20:43:18,64.9225,77.785,33.6,98,100,25.14
400,Haines Junction,CA,2022-04-05 20:43:18,60.7522,-137.5108,40.95,28,11,12.66
401,Gibara,CU,2022-04-05 20:43:19,21.1097,-76.1317,96.12,59,0,16.37
402,Loukhi,RU,2022-04-05 20:43:19,66.0764,33.0381,31.59,96,100,14.45
403,Sola,VU,2022-04-05 20:43:20,-13.8833,167.55,83.3,73,77,17.58
404,Geraldton,AU,2022-04-05 20:43:20,-28.7667,114.6,63.01,72,71,9.22
405,Port Blair,IN,2022-04-05 20:39:06,11.6667,92.75,77.04,94,100,2.3
406,Vallenar,CL,2022-04-05 20:43:21,-28.5708,-70.7581,83.14,19,0,7.29
407,Jiwani,PK,2022-04-05 20:43:21,25.05,61.7417,79.32,73,12,5.64
408,Glinka,RU,2022-04-05 20:43:22,54.6404,32.8781,32.52,88,100,14.18
409,Kalmunai,LK,2022-04-05 20:44:22,7.4167,81.8167,77.18,85,66,4.47
410,Cardoso,BR,2022-04-05 20:44:22,-20.0819,-49.9142,82.78,54,100,2.55
411,Grindavik,IS,2022-04-05 20:44:23,63.8424,-22.4338,28.35,68,40,28.77
412,Makakilo City,US,2022-04-05 20:44:23,21.3469,-158.0858,80.92,60,75,12.66
413,Ajdabiya,LY,2022-04-05 20:44:24,30.7554,20.2263,75.79,35,69,7.87
414,Necochea,AR,2022-04-05 20:43:27,-38.5473,-58.7368,71.69,43,38,9.26
415,Mangrol,IN,2022-04-05 20:44:24,21.1167,70.1167,78.03,72,46,9.35
416,Harstad,NO,2022-04-05 20:44:25,68.799,16.5293,29.16,97,100,21.99
417,Eyl,SO,2022-04-05 20:44:25,7.9803,49.8164,79.23,71,7,9.42
418,Rosarito,MX,2022-04-05 20:44:25,32.3333,-117.0333,75.63,64,4,7.85
419,Ketchikan,US,2022-04-05 20:43:43,55.3422,-131.6461,43.27,61,75,0.0
420,Nelson Bay,AU,2022-04-05 20:44:26,-32.7167,152.15,66.99,97,5,2.64
421,Turbat,PK,2022-04-05 20:44:26,26.0023,63.044,81.54,28,45,6.08
422,Dalianwan,CN,2022-04-05 20:44:27,39.0286,121.695,44.64,29,0,4.47
423,Tongliao,CN,2022-04-05 20:44:27,43.6125,122.2653,28.83,23,100,7.78
424,Itacoatiara,BR,2022-04-05 20:44:27,-3.1431,-58.4442,80.22,90,90,2.86
425,Bonthe,SL,2022-04-05 20:44:28,7.5264,-12.505,78.73,80,19,6.49
426,Nemuro,JP,2022-04-05 20:44:28,43.3236,145.575,38.82,90,44,18.45
427,Maumere,ID,2022-04-05 20:44:28,-8.6199,122.2111,78.64,83,98,4.81
428,Canela,BR,2022-04-05 20:44:29,-29.3656,-50.8156,66.87,89,92,1.99
429,Embu,BR,2022-04-05 20:44:09,-23.6489,-46.8522,72.1,98,84,7.7
430,Fallon,US,2022-04-05 20:44:29,39.4735,-118.7774,58.91,26,20,16.11
431,Boa Vista,BR,2022-04-05 20:44:29,2.8197,-60.6733,89.58,51,75,11.5
432,Egvekinot,RU,2022-04-05 20:44:30,66.3167,-179.1667,-3.5,71,0,0.4
433,Ulhasnagar,IN,2022-04-05 20:44:30,19.2167,73.15,82.4,71,21,3.98
434,Seoul,KR,2022-04-05 20:44:12,37.5683,126.9778,45.97,76,75,2.3
435,Hidrolandia,BR,2022-04-05 20:44:31,-4.4081,-40.4378,75.54,89,54,0.78
436,Itaituba,BR,2022-04-05 20:44:31,-4.2761,-55.9836,87.96,74,75,5.75
437,Numan,NG,2022-04-05 20:44:32,9.4667,12.0333,88.74,31,40,5.19
438,Sakaiminato,JP,2022-04-05 20:44:32,35.55,133.2333,49.98,71,75,2.3
439,Ciro Marina,IT,2022-04-05 20:44:32,39.3732,17.126,54.36,65,94,1.07
440,Jiaozuo,CN,2022-04-05 20:44:33,35.2397,113.2331,61.7,39,0,4.14
441,Rudbar,AF,2022-04-05 20:44:33,30.15,62.6,80.47,8,0,8.77
442,Silopi,TR,2022-04-05 20:44:33,37.2497,42.4694,62.53,43,86,5.77
443,Port-Cartier,CA,2022-04-05 20:44:34,50.0334,-66.8654,39.42,81,100,8.61
444,Sangar,RU,2022-04-05 20:44:34,63.9242,127.4739,-13.41,100,100,3.67
445,Soyo,AO,2022-04-05 20:44:34,-6.1349,12.3689,77.83,89,57,10.67
446,Pokosnoye,RU,2022-04-05 20:44:35,55.5258,101.0536,27.5,99,100,1.21
447,Cayenne,GF,2022-04-05 20:44:35,4.9333,-52.3333,77.04,1,100,6.91
448,Zanzibar,TZ,2022-04-05 20:44:36,-6.1639,39.1979,79.12,83,2,6.44
449,Huanren,CN,2022-04-05 20:44:36,41.2647,125.3667,28.44,39,62,4.34
450,Damaturu,NG,2022-04-05 20:44:36,11.747,11.9608,87.26,7,3,9.46
451,Rameswaram,IN,2022-04-05 20:44:37,9.2833,79.3,82.62,74,15,8.99
452,Madang,PG,2022-04-05 20:44:37,-5.2246,145.7966,76.21,90,100,4.43
453,College,US,2022-04-05 20:44:37,64.8569,-147.8028,23.58,65,75,1.01
454,Cromarty,GB,2022-04-05 20:45:38,57.6805,-4.0339,38.14,98,75,4.61
455,Tual,ID,2022-04-05 20:45:38,-5.6667,132.75,82.31,68,94,6.76
456,Raga,SS,2022-04-05 20:45:38,8.4596,25.678,83.86,42,66,4.81
457,Lander,US,2022-04-05 20:45:39,42.833,-108.7307,40.1,16,0,24.16
458,Evensk,RU,2022-04-05 20:45:39,61.95,159.2333,12.43,83,69,7.61
459,Brae,GB,2022-04-05 20:45:39,60.3964,-1.353,37.63,73,100,9.37
460,Kautokeino,NO,2022-04-05 20:45:40,69.0125,23.0412,23.5,94,100,24.79
461,Charleston,US,2022-04-05 20:41:12,32.7766,-79.9309,75.02,76,75,18.41
462,Shimoda,JP,2022-04-05 20:45:40,34.6667,138.95,52.11,72,100,8.57
463,Klyuchi,RU,2022-04-05 20:45:41,52.2667,79.1667,51.22,77,85,7.0
464,Kyshtovka,RU,2022-04-05 20:45:41,56.555,76.6271,36.93,94,54,10.04
465,Semiletka,RU,2022-04-05 20:45:41,55.3603,54.6153,22.08,94,12,7.09
466,San Patricio,US,2022-04-05 20:44:19,28.017,-97.5169,92.16,45,69,7.63
467,Irtyshskiy,RU,2022-04-05 20:45:42,58.3333,68.1333,30.58,83,64,14.79
468,Puerto Carreno,CO,2022-04-05 20:45:43,6.189,-67.4859,76.98,94,20,1.14
469,Burgos,ES,2022-04-05 20:45:43,42.3394,-3.7079,37.81,81,0,8.05
470,Awbari,LY,2022-04-05 20:45:44,26.5921,12.7805,87.84,7,0,11.95
471,Wanlaweyn,SO,2022-04-05 20:45:44,2.6185,44.8938,80.11,72,69,12.35
472,Kasli,RU,2022-04-05 20:45:44,55.8909,60.7616,29.25,76,85,12.01
473,Isangel,VU,2022-04-05 20:45:45,-19.55,169.2667,80.08,82,100,7.27
474,Pisco,PE,2022-04-05 20:45:45,-13.7,-76.2167,75.25,64,0,17.27
475,Vanimo,PG,2022-04-05 20:45:45,-2.6741,141.3028,77.25,83,100,4.52
476,Galle,LK,2022-04-05 20:45:46,6.0367,80.217,77.13,81,85,2.19
477,Ust-Barguzin,RU,2022-04-05 20:45:46,53.45,108.9833,17.74,83,100,2.37
478,San Carlos De Bariloche,AR,2022-04-05 20:40:59,-41.1456,-71.3082,56.95,67,75,21.85
479,Bagdarin,RU,2022-04-05 20:45:47,54.4333,113.6,4.87,91,100,2.66
480,Hofn,IS,2022-04-05 20:45:47,64.2539,-15.2082,30.47,56,23,21.94
481,Mandera,KE,2022-04-05 20:45:47,3.9366,41.867,91.06,30,36,7.43
482,Camopi,GF,2022-04-05 20:45:48,3.1655,-52.3158,73.49,98,100,3.87
483,Nishihara,JP,2022-04-05 20:45:48,26.1842,127.7558,65.48,64,100,10.36
484,Santa Rosalia,MX,2022-04-05 20:45:17,27.3167,-112.2833,73.49,36,0,6.31
485,Llanes,ES,2022-04-05 20:45:48,43.4198,-4.7549,47.55,64,8,4.83
486,Sakakah,SA,2022-04-05 20:45:49,29.9697,40.2064,74.77,15,92,9.46
487,Coos Bay,US,2022-04-05 20:42:30,43.3665,-124.2179,56.32,79,100,11.5
488,Shakawe,BW,2022-04-05 20:45:49,-18.3667,21.85,73.49,56,52,3.65
489,Chara,RU,2022-04-05 20:45:50,56.9064,118.2631,-4.72,76,8,2.15
490,Berlevag,NO,2022-04-05 20:45:50,70.8578,29.0864,30.2,86,75,29.93
491,Vinukonda,IN,2022-04-05 20:45:50,16.05,79.75,76.44,87,21,5.7
492,Ust-Tsilma,RU,2022-04-05 20:45:51,65.441,52.1498,-3.12,100,86,1.21
493,Lazaro Cardenas,MX,2022-04-05 20:44:00,17.9583,-102.2,80.96,55,66,10.76
494,Caluquembe,AO,2022-04-05 20:45:51,-13.7833,14.6833,62.33,84,54,2.48
495,Cavalcante,BR,2022-04-05 20:45:51,-13.7975,-47.4583,75.24,55,3,4.38
496,Mastic Beach,US,2022-04-05 20:45:52,40.7668,-72.8521,54.77,67,100,10.36
497,Kolarovo,SK,2022-04-05 20:45:52,47.9229,17.9847,50.11,75,100,10.8
498,Wajima,JP,2022-04-05 20:45:52,37.4,136.9,52.63,71,100,16.17
499,Honiara,SB,2022-04-05 20:45:53,-9.4333,159.95,77.41,95,100,6.76
500,Tessalit,ML,2022-04-05 20:45:53,20.1986,1.0114,89.87,6,0,3.98
